<?xml version="1.0" encoding="UTF-8"?>
<project-private xmlns="http://www.netbeans.org/ns/project-private/1">
    <editor-bookmarks xmlns="http://www.netbeans.org/ns/editor-bookmarks/2" lastBookmarkId="0"/>
    <open-files xmlns="http://www.netbeans.org/ns/projectui-open-files/2">
        <group>
            <file>file:/C:/Downloads/FPT/PRJ/ASSPRJ301-main/ASSPRJ301_Final/src/java/dao/ContactDAO.java</file>
            <file>file:/C:/Downloads/FPT/PRJ/ASSPRJ301-main/ASSPRJ301_Final/src/java/dao/NotificationDAO.java</file>
            <file>file:/C:/Downloads/FPT/PRJ/ASSPRJ301-main/ASSPRJ301_Final/src/java/dao/BookingDAO.java</file>
            <file>file:/C:/Downloads/FPT/PRJ/ASSPRJ301-main/ASSPRJ301_Final/web/room-details.jsp</file>
            <file>file:/C:/Downloads/FPT/PRJ/ASSPRJ301-main/ASSPRJ301_Final/src/java/dao/UserDAO.java</file>
            <file>file:/C:/Downloads/FPT/PRJ/ASSPRJ301-main/ASSPRJ301_Final/src/java/dao/RoomDAO.java</file>
            <file>file:/C:/Downloads/FPT/PRJ/ASSPRJ301-main/ASSPRJ301_Final/src/java/controller/ReviewController.java</file>
            <file>file:/C:/Downloads/FPT/PRJ/ASSPRJ301-main/ASSPRJ301_Final/src/java/controller/BookingController.java</file>
            <file>file:/C:/Downloads/FPT/PRJ/ASSPRJ301-main/ASSPRJ301_Final/src/java/dao/ReviewDAO.java</file>
            <file>file:/C:/Downloads/FPT/PRJ/ASSPRJ301-main/ASSPRJ301_Final/src/java/controller/AdminController.java</file>
            <file>file:/C:/Downloads/FPT/PRJ/ASSPRJ301-main/ASSPRJ301_Final/web/login-regis.jsp</file>
        </group>
    </open-files>
</project-private>
